TradeID,PairName,StrategyName,SignalType,Direction,EntryPrice,ExitPrice,EntryDateTime,ExitDateTime,PositionSize,PnL,PnL_Pips,HoldingDays,Commission,IsOpen,OriginalPnL,OriginalPnL_Pips,SignedPriceMove,PipSize,CorrectedPnL_Pips,GrossPnL_QuoteCurrency,QuoteToUSD_Divisor,GrossPnL_USD,Commission_USD,NetPnL_USD,PnL_Unit
1,USD/JPY,MACD_Trend,BUY,LONG,154.16999,154.17229,2024-07-15 00:00:00,2024-07-17 23:45:36,100000,2300.0,23.0,2.99,7.0,False,2300.0,23.0,0.002299999999991087,0.01,0.2299999999991087,229.9999999991087,154.17229,1.4918374761061712,7.0,-5.508162523893828,USD
2,USD/INR,MA_Cross,STRONG_SELL,SHORT,83.90144,83.9007,2024-02-08 00:00:00,2024-02-10 11:45:36,100000,740.0,7.4,2.49,7.0,False,740.0,7.4,0.0007399999999933016,0.0001,7.399999999933016,73.99999999933016,83.9007,0.8819950250633207,7.0,-6.118004974936679,USD
3,USD/JPY,RL_PPO,BUY,LONG,150.56125,150.56093,2024-06-26 00:00:00,2024-06-28 10:19:12,100000,-320.0,-3.2,2.43,7.0,False,-320.0,-3.2,-0.00031999999998788553,0.01,-0.03199999999878855,-31.999999998788553,150.56093,-0.2125385383763806,7.0,-7.21253853837638,USD
4,GBP/USD,ML_RF,SELL,SHORT,1.23636,1.23434,2024-03-26 00:00:00,2024-03-28 14:24:00,100000,202.0,20.2,2.6,7.0,False,202.0,20.2,0.0020199999999999108,0.0001,20.199999999999108,201.99999999999108,1.0,201.99999999999108,7.0,194.99999999999108,USD
5,AUD/USD,RL_PPO,BUY,LONG,0.6681,0.667,2024-06-05 00:00:00,2024-06-06 11:02:24,100000,-110.0,-11.0,1.46,7.0,False,-110.0,-11.0,-0.0010999999999999899,0.0001,-10.999999999999899,-109.99999999999899,1.0,-109.99999999999899,7.0,-116.99999999999899,USD
6,EUR/USD,Composite,BUY,LONG,1.10874,1.10988,2024-02-10 00:00:00,2024-02-10 05:16:48,100000,114.0,11.4,0.22,7.0,False,114.0,11.4,0.0011399999999999189,0.0001,11.399999999999189,113.99999999999189,1.0,113.99999999999189,7.0,106.99999999999189,USD
7,USD/JPY,MA_Cross,STRONG_SELL,SHORT,140.74422,140.74573,2024-06-01 00:00:00,2024-06-02 11:31:11,100000,-1510.0,-15.1,1.48,7.0,False,-1510.0,-15.1,-0.0015099999999961256,0.01,-0.15099999999961256,-150.99999999961256,140.74573,-1.072856704069193,7.0,-8.072856704069192,USD
8,AUD/USD,MA_Cross,STRONG_BUY,LONG,0.68809,0.68928,2024-04-08 00:00:00,2024-04-11 18:43:12,100000,119.0,11.9,3.78,7.0,False,119.0,11.9,0.0011900000000000244,0.0001,11.900000000000244,119.00000000000244,1.0,119.00000000000244,7.0,112.00000000000244,USD
9,GBP/USD,RL_PPO,BUY,LONG,1.23686,1.24044,2024-07-27 00:00:00,2024-07-31 15:21:35,100000,358.0,35.8,4.64,7.0,False,358.0,35.8,0.0035799999999999166,0.0001,35.799999999999166,357.99999999999164,1.0,357.99999999999164,7.0,350.99999999999164,USD
10,USD/JPY,ML_XGB,BUY,LONG,151.24139,151.24213,2024-04-17 00:00:00,2024-04-17 12:43:12,100000,740.0,7.4,0.53,7.0,False,740.0,7.4,0.0007400000000075124,0.01,0.07400000000075124,74.00000000075124,151.24213,0.48928165717284755,7.0,-6.510718342827152,USD
11,EUR/USD,MACD_Trend,STRONG_BUY,LONG,1.07416,1.07588,2024-03-07 00:00:00,2024-03-10 02:24:00,100000,172.0,17.2,3.1,7.0,False,172.0,17.2,0.0017199999999999438,0.0001,17.199999999999438,171.99999999999437,1.0,171.99999999999437,7.0,164.99999999999437,USD
12,GBP/USD,ML_XGB,STRONG_SELL,SHORT,1.28785,1.28706,2024-08-24 00:00:00,2024-08-28 10:33:36,100000,79.0,7.9,4.44,7.0,False,79.0,7.9,0.0007899999999998464,0.0001,7.899999999998464,78.99999999998464,1.0,78.99999999998464,7.0,71.99999999998464,USD
13,AUD/USD,ML_XGB,SELL,SHORT,0.69478,0.69626,2024-06-18 00:00:00,2024-06-20 18:14:23,100000,-148.0,-14.8,2.76,7.0,False,-148.0,-14.8,-0.0014800000000000368,0.0001,-14.800000000000368,-148.0000000000037,1.0,-148.0000000000037,7.0,-155.0000000000037,USD
14,AUD/USD,RL_PPO,STRONG_SELL,SHORT,0.69941,0.70528,2024-03-18 00:00:00,2024-03-19 18:28:48,100000,-587.0,-58.7,1.77,7.0,False,-587.0,-58.7,-0.005870000000000042,0.0001,-58.700000000000415,-587.0000000000042,1.0,-587.0000000000042,7.0,-594.0000000000042,USD
15,GBP/USD,Composite,BUY,LONG,1.22712,1.22738,2024-09-03 00:00:00,2024-09-07 16:48:00,100000,26.0,2.6,4.7,7.0,False,26.0,2.6,0.00025999999999992696,0.0001,2.5999999999992696,25.999999999992696,1.0,25.999999999992696,7.0,18.999999999992696,USD
16,USD/JPY,Composite,SELL,SHORT,140.92713,140.92624,2024-01-24 00:00:00,2024-01-24 21:36:00,100000,890.0,8.9,0.9,7.0,False,890.0,8.9,0.0008899999999982811,0.01,0.0889999999998281,88.9999999998281,140.92624,0.6315360432509098,7.0,-6.36846395674909,USD
17,AUD/USD,RL_PPO,STRONG_SELL,SHORT,0.66049,0.65774,2024-02-17 00:00:00,2024-02-17 02:52:48,100000,275.0,27.5,0.12,7.0,False,275.0,27.5,0.00275000000000003,0.0001,27.500000000000302,275.000000000003,1.0,275.000000000003,7.0,268.000000000003,USD
18,USD/JPY,MA_Cross,SELL,SHORT,149.71275,149.71287,2024-03-09 00:00:00,2024-03-09 23:16:48,100000,-120.0,-1.2,0.97,7.0,False,-120.0,-1.2,-0.00012000000000966793,0.01,-0.012000000000966793,-12.000000000966793,149.71287,-0.08015342970158004,7.0,-7.08015342970158,USD
19,USD/INR,MACD_Trend,SELL,SHORT,84.35383,84.35422,2024-08-04 00:00:00,2024-08-05 07:40:48,100000,-390.0,-3.9,1.32,7.0,False,-390.0,-3.9,-0.00038999999999589363,0.0001,-3.8999999999589363,-38.99999999958936,84.35422,-0.46233608703381246,7.0,-7.462336087033813,USD
20,USD/JPY,RL_PPO,STRONG_BUY,LONG,145.35153,145.35617,2024-07-08 00:00:00,2024-07-09 13:12:00,100000,4640.0,46.4,1.55,7.0,False,4640.0,46.4,0.0046399999999948704,0.01,0.46399999999948704,463.99999999948704,145.35617,3.1921589568539614,7.0,-3.8078410431460386,USD
21,EUR/USD,ML_XGB,BUY,LONG,1.10108,1.10172,2024-08-03 00:00:00,2024-08-07 03:07:12,100000,64.0,6.4,4.13,7.0,False,64.0,6.4,0.0006399999999999739,0.0001,6.399999999999739,63.99999999999739,1.0,63.99999999999739,7.0,56.99999999999739,USD
22,USD/INR,ML_XGB,BUY,LONG,83.32864,83.33069,2024-03-12 00:00:00,2024-03-14 12:14:23,100000,2050.0,20.5,2.51,7.0,False,2050.0,20.5,0.0020500000000112095,0.0001,20.500000000112095,205.00000000112095,83.33069,2.46007803368868,7.0,-4.53992196631132,USD
23,USD/JPY,ML_XGB,STRONG_SELL,SHORT,151.00825,151.00459,2024-04-07 00:00:00,2024-04-08 20:09:36,100000,3660.0,36.6,1.84,7.0,False,3660.0,36.6,0.003659999999996444,0.01,0.3659999999996444,365.9999999996444,151.00459,2.4237673834924114,7.0,-4.576232616507589,USD
24,GBP/USD,Composite,STRONG_BUY,LONG,1.22121,1.22688,2024-05-25 00:00:00,2024-05-25 14:52:48,100000,567.0,56.7,0.62,7.0,False,567.0,56.7,0.005670000000000064,0.0001,56.700000000000635,567.0000000000064,1.0,567.0000000000064,7.0,560.0000000000064,USD
25,GBP/USD,ML_XGB,STRONG_SELL,SHORT,1.27256,1.27301,2024-03-22 00:00:00,2024-03-22 03:35:59,100000,-45.0,-4.5,0.15,7.0,False,-45.0,-4.5,-0.00045000000000006146,0.0001,-4.500000000000615,-45.000000000006146,1.0,-45.000000000006146,7.0,-52.000000000006146,USD
26,GBP/USD,ML_RF,STRONG_SELL,SHORT,1.22836,1.22558,2024-05-24 00:00:00,2024-05-26 08:52:48,100000,278.0,27.8,2.37,7.0,False,278.0,27.8,0.0027800000000000047,0.0001,27.800000000000047,278.00000000000045,1.0,278.00000000000045,7.0,271.00000000000045,USD
27,GBP/USD,ML_RF,SELL,SHORT,1.23718,1.23653,2024-07-03 00:00:00,2024-07-03 06:14:24,100000,65.0,6.5,0.26,7.0,False,65.0,6.5,0.0006500000000000394,0.0001,6.500000000000394,65.00000000000395,1.0,65.00000000000395,7.0,58.00000000000395,USD
28,GBP/USD,Composite,STRONG_SELL,SHORT,1.22826,1.2301,2024-02-13 00:00:00,2024-02-15 21:07:12,100000,-184.0,-18.4,2.88,7.0,False,-184.0,-18.4,-0.0018400000000000638,0.0001,-18.400000000000638,-184.00000000000637,1.0,-184.00000000000637,7.0,-191.00000000000637,USD
29,USD/INR,ML_RF,SELL,SHORT,83.05887,83.06076,2024-02-06 00:00:00,2024-02-06 16:04:48,100000,-1890.0,-18.9,0.67,7.0,False,-1890.0,-18.9,-0.001890000000003056,0.0001,-18.90000000003056,-189.0000000003056,83.06076,-2.275442700022316,7.0,-9.275442700022316,USD
30,EUR/USD,Composite,BUY,LONG,1.08206,1.08453,2024-02-26 00:00:00,2024-02-29 02:38:24,100000,247.0,24.7,3.11,7.0,False,247.0,24.7,0.0024699999999999722,0.0001,24.699999999999722,246.99999999999721,1.0,246.99999999999721,7.0,239.99999999999721,USD
31,EUR/USD,MA_Cross,STRONG_BUY,LONG,1.09821,1.09923,2024-01-20 00:00:00,2024-01-24 11:45:36,100000,102.0,10.2,4.49,7.0,False,102.0,10.2,0.0010200000000000209,0.0001,10.200000000000209,102.00000000000209,1.0,102.00000000000209,7.0,95.00000000000209,USD
32,EUR/USD,MA_Cross,SELL,SHORT,1.06463,1.0631,2024-01-22 00:00:00,2024-01-24 09:21:36,100000,153.0,15.3,2.39,7.0,False,153.0,15.3,0.0015300000000000313,0.0001,15.300000000000313,153.00000000000313,1.0,153.00000000000313,7.0,146.00000000000313,USD
33,USD/INR,ML_XGB,STRONG_BUY,LONG,82.5531,82.5569,2024-07-24 00:00:00,2024-07-25 23:31:12,100000,3800.0,38.0,1.98,7.0,False,3800.0,38.0,0.0037999999999982492,0.0001,37.99999999998249,379.9999999998249,82.5569,4.602886009525854,7.0,-2.3971139904741463,USD
34,EUR/USD,RL_PPO,BUY,LONG,1.0643,1.06311,2024-01-05 00:00:00,2024-01-08 10:19:12,100000,-119.0,-11.9,3.43,7.0,False,-119.0,-11.9,-0.0011900000000000244,0.0001,-11.900000000000244,-119.00000000000244,1.0,-119.00000000000244,7.0,-126.00000000000244,USD
35,USD/JPY,MA_Cross,STRONG_BUY,LONG,147.97358,147.9737,2024-04-11 00:00:00,2024-04-11 21:21:36,100000,120.0,1.2,0.89,7.0,False,120.0,1.2,0.00012000000000966793,0.01,0.012000000000966793,12.000000000966793,147.9737,0.08109549197571456,7.0,-6.918904508024285,USD
36,USD/JPY,RSI_Reversal,STRONG_SELL,SHORT,148.43283,148.43417,2024-06-27 00:00:00,2024-06-27 10:33:36,100000,-1340.0,-13.4,0.44,7.0,False,-1340.0,-13.4,-0.0013399999999990087,0.01,-0.13399999999990087,-133.99999999990087,148.43417,-0.902757094272167,7.0,-7.902757094272167,USD
37,AUD/USD,RL_PPO,STRONG_BUY,LONG,0.67677,0.67751,2024-01-20 00:00:00,2024-01-21 20:09:36,100000,74.0,7.4,1.84,7.0,False,74.0,7.4,0.0007399999999999629,0.0001,7.399999999999629,73.99999999999629,1.0,73.99999999999629,7.0,66.99999999999629,USD
38,AUD/USD,MACD_Trend,STRONG_SELL,SHORT,0.69641,0.69475,2024-01-12 00:00:00,2024-01-13 16:04:48,100000,166.0,16.6,1.67,7.0,False,166.0,16.6,0.0016599999999999948,0.0001,16.599999999999948,165.9999999999995,1.0,165.9999999999995,7.0,158.9999999999995,USD
39,USD/INR,MA_Cross,STRONG_BUY,LONG,82.63834,82.63767,2024-04-13 00:00:00,2024-04-16 09:50:24,100000,-670.0,-6.7,3.41,7.0,False,-670.0,-6.7,-0.0006699999999995043,0.0001,-6.699999999995043,-66.99999999995043,82.63767,-0.8107682610115996,7.0,-7.810768261011599,USD
40,USD/INR,RL_PPO,STRONG_BUY,LONG,82.72001,82.71786,2024-05-19 00:00:00,2024-05-19 05:45:36,100000,-2150.0,-21.5,0.24,7.0,False,-2150.0,-21.5,-0.0021500000000003183,0.0001,-21.500000000003183,-215.00000000003183,82.71786,-2.599196836088746,7.0,-9.599196836088746,USD
41,AUD/USD,ML_RF,SELL,SHORT,0.65009,0.64943,2024-02-27 00:00:00,2024-02-29 13:26:24,100000,66.0,6.6,2.56,7.0,False,66.0,6.6,0.0006599999999999939,0.0001,6.599999999999939,65.99999999999939,1.0,65.99999999999939,7.0,58.99999999999939,USD
42,GBP/USD,RL_PPO,BUY,LONG,1.24504,1.24829,2024-07-28 00:00:00,2024-07-28 08:23:59,100000,325.0,32.5,0.35,7.0,False,325.0,32.5,0.003249999999999975,0.0001,32.49999999999975,324.9999999999975,1.0,324.9999999999975,7.0,317.9999999999975,USD
43,AUD/USD,MACD_Trend,STRONG_BUY,LONG,0.67812,0.67451,2024-07-07 00:00:00,2024-07-09 16:48:00,100000,-361.0,-36.1,2.7,7.0,False,-361.0,-36.1,-0.003609999999999891,0.0001,-36.09999999999891,-360.9999999999891,1.0,-360.9999999999891,7.0,-367.9999999999891,USD
44,USD/INR,ML_RF,BUY,LONG,82.99557,83.00088,2024-04-20 00:00:00,2024-04-24 11:31:12,100000,5310.0,53.1,4.48,7.0,False,5310.0,53.1,0.005309999999994375,0.0001,53.09999999994375,530.9999999994375,83.00088,6.397522532284447,7.0,-0.6024774677155529,USD
45,USD/INR,ML_XGB,SELL,SHORT,84.35794,84.35893,2024-07-11 00:00:00,2024-07-13 13:11:59,100000,-990.0,-9.9,2.55,7.0,False,-990.0,-9.9,-0.0009900000000016007,0.0001,-9.900000000016007,-99.00000000016007,84.35893,-1.1735568481032188,7.0,-8.17355684810322,USD
46,USD/JPY,RSI_Reversal,STRONG_BUY,LONG,147.26031,147.25971,2024-05-08 00:00:00,2024-05-09 14:38:24,100000,-600.0,-6.0,1.61,7.0,False,-600.0,-6.0,-0.0005999999999914962,0.01,-0.05999999999914962,-59.99999999914962,147.25971,-0.40744342087288926,7.0,-7.407443420872889,USD
47,AUD/USD,ML_XGB,STRONG_SELL,SHORT,0.69306,0.68911,2024-06-27 00:00:00,2024-06-30 12:14:24,100000,395.0,39.5,3.51,7.0,False,395.0,39.5,0.003950000000000009,0.0001,39.500000000000085,395.0000000000009,1.0,395.0000000000009,7.0,388.0000000000009,USD
48,AUD/USD,MA_Cross,BUY,LONG,0.65265,0.65353,2024-08-02 00:00:00,2024-08-06 02:52:48,100000,88.0,8.8,4.12,7.0,False,88.0,8.8,0.0008800000000001029,0.0001,8.80000000000103,88.00000000001029,1.0,88.00000000001029,7.0,81.00000000001029,USD
49,GBP/USD,ML_XGB,BUY,LONG,1.25202,1.2501,2024-09-04 00:00:00,2024-09-04 05:31:12,100000,-192.0,-19.2,0.23,7.0,False,-192.0,-19.2,-0.0019199999999999218,0.0001,-19.199999999999218,-191.99999999999218,1.0,-191.99999999999218,7.0,-198.99999999999218,USD
50,AUD/USD,Composite,STRONG_BUY,LONG,0.66758,0.67035,2024-04-17 00:00:00,2024-04-18 14:09:36,100000,277.0,27.7,1.59,7.0,False,277.0,27.7,0.00277000000000005,0.0001,27.7000000000005,277.000000000005,1.0,277.000000000005,7.0,270.000000000005,USD
51,EUR/USD,RL_PPO,SELL,SHORT,1.09359,1.09554,2024-05-16 00:00:00,2024-05-18 03:21:36,100000,-195.0,-19.5,2.14,7.0,False,-195.0,-19.5,-0.0019499999999998963,0.0001,-19.499999999998963,-194.99999999998963,1.0,-194.99999999998963,7.0,-201.99999999998963,USD
52,AUD/USD,RSI_Reversal,BUY,LONG,0.67393,0.67104,2024-04-20 00:00:00,2024-04-24 00:14:24,100000,-289.0,-28.9,4.01,7.0,False,-289.0,-28.9,-0.002890000000000059,0.0001,-28.900000000000592,-289.0000000000059,1.0,-289.0000000000059,7.0,-296.0000000000059,USD
53,USD/JPY,MA_Cross,SELL,SHORT,145.89656,145.89321,2024-02-10 00:00:00,2024-02-11 06:00:00,100000,3350.0,33.5,1.25,7.0,False,3350.0,33.5,0.0033499999999833108,0.01,0.3349999999983311,334.9999999983311,145.89321,2.296200076743332,7.0,-4.703799923256668,USD
54,GBP/USD,ML_RF,BUY,LONG,1.29586,1.30103,2024-03-17 00:00:00,2024-03-18 09:35:59,100000,517.0,51.7,1.4,7.0,False,517.0,51.7,0.005169999999999897,0.0001,51.699999999998965,516.9999999999897,1.0,516.9999999999897,7.0,509.99999999998965,USD
55,USD/JPY,Composite,BUY,LONG,146.29441,146.28888,2024-01-08 00:00:00,2024-01-10 23:02:23,100000,-5530.0,-55.3,2.96,7.0,False,-5530.0,-55.3,-0.0055299999999931515,0.01,-0.5529999999993152,-552.9999999993152,146.28888,-3.7801916317857867,7.0,-10.780191631785787,USD
56,EUR/USD,Composite,STRONG_BUY,LONG,1.07145,1.0756,2024-01-11 00:00:00,2024-01-13 23:31:12,100000,415.0,41.5,2.98,7.0,False,415.0,41.5,0.004149999999999876,0.0001,41.49999999999876,414.9999999999876,1.0,414.9999999999876,7.0,407.9999999999876,USD
57,USD/INR,Composite,STRONG_BUY,LONG,82.01564,82.01601,2024-05-21 00:00:00,2024-05-24 18:43:12,100000,370.0,3.7,3.78,7.0,False,370.0,3.7,0.00036999999998954536,0.0001,3.6999999998954536,36.999999998954536,82.01601,0.4511314315211693,7.0,-6.548868568478831,USD
58,AUD/USD,Composite,BUY,LONG,0.68994,0.68799,2024-07-20 00:00:00,2024-07-21 04:47:59,100000,-195.0,-19.5,1.2,7.0,False,-195.0,-19.5,-0.0019500000000000073,0.0001,-19.50000000000007,-195.00000000000074,1.0,-195.00000000000074,7.0,-202.00000000000074,USD
59,AUD/USD,ML_RF,STRONG_SELL,SHORT,0.69582,0.69595,2024-03-25 00:00:00,2024-03-29 08:52:48,100000,-13.0,-1.3,4.37,7.0,False,-13.0,-1.3,-0.00012999999999996348,0.0001,-1.2999999999996348,-12.999999999996348,1.0,-12.999999999996348,7.0,-19.999999999996348,USD
60,USD/JPY,RL_PPO,BUY,LONG,153.05951,153.05702,2024-07-08 00:00:00,2024-07-11 15:50:24,100000,-2490.0,-24.9,3.66,7.0,False,-2490.0,-24.9,-0.002489999999994552,0.01,-0.2489999999994552,-248.9999999994552,153.05702,-1.6268446883354661,7.0,-8.626844688335467,USD
61,AUD/USD,RL_PPO,SELL,SHORT,0.67317,0.67492,2024-03-15 00:00:00,2024-03-19 13:26:24,100000,-175.0,-17.5,4.56,7.0,False,-175.0,-17.5,-0.0017499999999999183,0.0001,-17.499999999999183,-174.99999999999181,1.0,-174.99999999999181,7.0,-181.99999999999181,USD
62,USD/INR,Composite,BUY,LONG,82.67044,82.66874,2024-03-31 00:00:00,2024-04-02 02:24:00,100000,-1700.0,-17.0,2.1,7.0,False,-1700.0,-17.0,-0.0016999999999995907,0.0001,-16.999999999995907,-169.99999999995907,82.66874,-2.0564000370630913,7.0,-9.056400037063092,USD
63,USD/JPY,ML_RF,SELL,SHORT,140.52009,140.51519,2024-02-18 00:00:00,2024-02-21 05:45:36,100000,4900.0,49.0,3.24,7.0,False,4900.0,49.0,0.004900000000020555,0.01,0.49000000000205546,490.00000000205546,140.51519,3.4871674727981756,7.0,-3.5128325272018244,USD
64,USD/INR,Composite,SELL,SHORT,82.84328,82.84566,2024-03-18 00:00:00,2024-03-18 16:47:59,100000,-2380.0,-23.8,0.7,7.0,False,-2380.0,-23.8,-0.002380000000002269,0.0001,-23.800000000022692,-238.00000000022692,82.84566,-2.87281192521403,7.0,-9.87281192521403,USD
65,GBP/USD,MACD_Trend,SELL,SHORT,1.23924,1.23611,2024-06-17 00:00:00,2024-06-21 03:21:35,100000,313.0,31.3,4.14,7.0,False,313.0,31.3,0.003129999999999855,0.0001,31.29999999999855,312.9999999999855,1.0,312.9999999999855,7.0,305.9999999999855,USD
66,USD/JPY,ML_RF,STRONG_SELL,SHORT,149.84579,149.84404,2024-05-13 00:00:00,2024-05-13 12:00:00,100000,1750.0,17.5,0.5,7.0,False,1750.0,17.5,0.0017499999999870397,0.01,0.17499999999870397,174.99999999870397,149.84404,1.1678809514125752,7.0,-5.832119048587424,USD
67,AUD/USD,ML_RF,STRONG_SELL,SHORT,0.64487,0.64285,2024-05-24 00:00:00,2024-05-28 08:09:36,100000,202.0,20.2,4.34,7.0,False,202.0,20.2,0.0020200000000000218,0.0001,20.200000000000216,202.0000000000022,1.0,202.0000000000022,7.0,195.0000000000022,USD
68,GBP/USD,RL_PPO,BUY,LONG,1.28144,1.28499,2024-04-18 00:00:00,2024-04-20 06:57:36,100000,355.0,35.5,2.29,7.0,False,355.0,35.5,0.003550000000000164,0.0001,35.50000000000164,355.0000000000164,1.0,355.0000000000164,7.0,348.0000000000164,USD
69,USD/JPY,Composite,STRONG_SELL,SHORT,148.46348,148.4644,2024-08-21 00:00:00,2024-08-24 11:31:12,100000,-920.0,-9.2,3.48,7.0,False,-920.0,-9.2,-0.0009200000000078035,0.01,-0.09200000000078035,-92.00000000078035,148.4644,-0.619677175139497,7.0,-7.619677175139497,USD
70,EUR/USD,MACD_Trend,STRONG_BUY,LONG,1.05697,1.05848,2024-05-30 00:00:00,2024-06-01 16:04:48,100000,151.0,15.1,2.67,7.0,False,151.0,15.1,0.0015100000000001224,0.0001,15.100000000001224,151.00000000001222,1.0,151.00000000001222,7.0,144.00000000001222,USD
71,AUD/USD,RL_PPO,BUY,LONG,0.69339,0.69558,2024-03-04 00:00:00,2024-03-08 08:09:36,100000,219.0,21.9,4.34,7.0,False,219.0,21.9,0.0021900000000000253,0.0001,21.90000000000025,219.00000000000253,1.0,219.00000000000253,7.0,212.00000000000253,USD
72,AUD/USD,MACD_Trend,SELL,SHORT,0.65727,0.65924,2024-01-24 00:00:00,2024-01-28 19:40:48,100000,-197.0,-19.7,4.82,7.0,False,-197.0,-19.7,-0.0019700000000000273,0.0001,-19.700000000000273,-197.00000000000273,1.0,-197.00000000000273,7.0,-204.00000000000273,USD
73,GBP/USD,Composite,STRONG_BUY,LONG,1.27412,1.27932,2024-06-19 00:00:00,2024-06-21 22:04:48,100000,520.0,52.0,2.92,7.0,False,520.0,52.0,0.0052000000000000934,0.0001,52.00000000000093,520.0000000000093,1.0,520.0000000000093,7.0,513.0000000000093,USD
74,AUD/USD,ML_XGB,STRONG_SELL,SHORT,0.68611,0.68134,2024-02-26 00:00:00,2024-02-29 11:45:36,100000,477.0,47.7,3.49,7.0,False,477.0,47.7,0.004770000000000052,0.0001,47.700000000000514,477.0000000000052,1.0,477.0000000000052,7.0,470.0000000000052,USD
75,EUR/USD,ML_RF,STRONG_SELL,SHORT,1.1023,1.10125,2024-07-31 00:00:00,2024-07-31 07:40:48,100000,105.0,10.5,0.32,7.0,False,105.0,10.5,0.0010499999999999954,0.0001,10.499999999999954,104.99999999999955,1.0,104.99999999999955,7.0,97.99999999999955,USD
76,EUR/USD,RSI_Reversal,STRONG_SELL,SHORT,1.0835,1.08626,2024-08-20 00:00:00,2024-08-21 17:31:12,100000,-276.0,-27.6,1.73,7.0,False,-276.0,-27.6,-0.0027600000000000957,0.0001,-27.600000000000957,-276.00000000000955,1.0,-276.00000000000955,7.0,-283.00000000000955,USD
77,AUD/USD,RSI_Reversal,BUY,LONG,0.67736,0.67886,2024-04-30 00:00:00,2024-05-03 21:50:24,100000,150.0,15.0,3.91,7.0,False,150.0,15.0,0.0015000000000000568,0.0001,15.000000000000568,150.00000000000568,1.0,150.00000000000568,7.0,143.00000000000568,USD
78,GBP/USD,Composite,STRONG_SELL,SHORT,1.23397,1.2326,2024-03-14 00:00:00,2024-03-17 08:24:00,100000,137.0,13.7,3.35,7.0,False,137.0,13.7,0.0013700000000000934,0.0001,13.700000000000934,137.00000000000932,1.0,137.00000000000932,7.0,130.00000000000932,USD
79,USD/JPY,ML_RF,STRONG_BUY,LONG,153.35576,153.36083,2024-05-05 00:00:00,2024-05-05 10:33:36,100000,5070.0,50.7,0.44,7.0,False,5070.0,50.7,0.00506999999998925,0.01,0.506999999998925,506.999999998925,153.36083,3.305928899830061,7.0,-3.694071100169939,USD
80,USD/INR,RSI_Reversal,STRONG_SELL,SHORT,82.8524,82.84635,2024-08-17 00:00:00,2024-08-19 02:09:36,100000,6050.0,60.5,2.09,7.0,False,6050.0,60.5,0.006050000000001887,0.0001,60.50000000001887,605.0000000001887,82.84635,7.30267537435492,7.0,0.3026753743549202,USD
81,AUD/USD,ML_RF,STRONG_SELL,SHORT,0.68361,0.68819,2024-07-28 00:00:00,2024-07-31 02:38:24,100000,-458.0,-45.8,3.11,7.0,False,-458.0,-45.8,-0.0045799999999999175,0.0001,-45.79999999999917,-457.99999999999176,1.0,-457.99999999999176,7.0,-464.99999999999176,USD
82,GBP/USD,RL_PPO,STRONG_SELL,SHORT,1.28051,1.27769,2024-01-21 00:00:00,2024-01-25 15:07:12,100000,282.0,28.2,4.63,7.0,False,282.0,28.2,0.0028200000000000447,0.0001,28.200000000000447,282.0000000000045,1.0,282.0000000000045,7.0,275.0000000000045,USD
83,USD/INR,MACD_Trend,SELL,SHORT,83.10592,83.10546,2024-08-13 00:00:00,2024-08-17 04:48:00,100000,460.0,4.6,4.2,7.0,False,460.0,4.6,0.00046000000000390173,0.0001,4.600000000039017,46.00000000039017,83.10546,0.5535135717964882,7.0,-6.446486428203512,USD
84,USD/INR,RL_PPO,SELL,SHORT,82.33644,82.33688,2024-01-24 00:00:00,2024-01-28 04:04:48,100000,-440.0,-4.4,4.17,7.0,False,-440.0,-4.4,-0.00043999999999755346,0.0001,-4.399999999975535,-43.999999999755346,82.33688,-0.5343899355884671,7.0,-7.534389935588467,USD
85,AUD/USD,RSI_Reversal,BUY,LONG,0.64621,0.65102,2024-07-13 00:00:00,2024-07-13 16:19:12,100000,481.0,48.1,0.68,7.0,False,481.0,48.1,0.004810000000000092,0.0001,48.10000000000092,481.0000000000092,1.0,481.0000000000092,7.0,474.0000000000092,USD
86,EUR/USD,ML_RF,STRONG_BUY,LONG,1.07259,1.07082,2024-05-18 00:00:00,2024-05-18 19:55:12,100000,-177.0,-17.7,0.83,7.0,False,-177.0,-17.7,-0.0017699999999998273,0.0001,-17.699999999998273,-176.99999999998272,1.0,-176.99999999998272,7.0,-183.99999999998272,USD
87,USD/INR,MACD_Trend,STRONG_SELL,SHORT,83.41436,83.41675,2024-05-17 00:00:00,2024-05-18 23:02:24,100000,-2390.0,-23.9,1.96,7.0,False,-2390.0,-23.9,-0.0023899999999912325,0.0001,-23.899999999912325,-238.99999999912325,83.41675,-2.865132002854622,7.0,-9.865132002854622,USD
88,USD/INR,ML_RF,STRONG_SELL,SHORT,82.56432,82.56403,2024-04-07 00:00:00,2024-04-09 10:48:00,100000,290.0,2.9,2.45,7.0,False,290.0,2.9,0.000289999999992574,0.0001,2.8999999999257398,28.999999999257398,82.56403,0.35124254471659627,7.0,-6.648757455283404,USD
89,AUD/USD,RL_PPO,STRONG_SELL,SHORT,0.65061,0.6505,2024-05-12 00:00:00,2024-05-16 09:07:12,100000,11.0,1.1,4.38,7.0,False,11.0,1.1,0.0001100000000000545,0.0001,1.100000000000545,11.00000000000545,1.0,11.00000000000545,7.0,4.00000000000545,USD
90,GBP/USD,Composite,SELL,SHORT,1.25711,1.25609,2024-03-21 00:00:00,2024-03-23 10:19:12,100000,102.0,10.2,2.43,7.0,False,102.0,10.2,0.0010200000000000209,0.0001,10.200000000000209,102.00000000000209,1.0,102.00000000000209,7.0,95.00000000000209,USD
91,EUR/USD,MA_Cross,SELL,SHORT,1.09708,1.10034,2024-02-03 00:00:00,2024-02-06 04:48:00,100000,-326.0,-32.6,3.2,7.0,False,-326.0,-32.6,-0.0032600000000000406,0.0001,-32.600000000000406,-326.0000000000041,1.0,-326.0000000000041,7.0,-333.0000000000041,USD
92,GBP/USD,ML_RF,STRONG_BUY,LONG,1.22956,1.23317,2024-05-23 00:00:00,2024-05-24 08:38:24,100000,361.0,36.1,1.36,7.0,False,361.0,36.1,0.003610000000000113,0.0001,36.10000000000113,361.0000000000113,1.0,361.0000000000113,7.0,354.0000000000113,USD
93,AUD/USD,MACD_Trend,SELL,SHORT,0.69968,0.69913,2024-06-17 00:00:00,2024-06-20 20:38:24,100000,55.0,5.5,3.86,7.0,False,55.0,5.5,0.0005499999999999394,0.0001,5.499999999999394,54.999999999993946,1.0,54.999999999993946,7.0,47.999999999993946,USD
94,AUD/USD,Composite,STRONG_BUY,LONG,0.67703,0.67672,2024-07-31 00:00:00,2024-08-01 01:26:24,100000,-31.0,-3.1,1.06,7.0,False,-31.0,-3.1,-0.00031000000000003247,0.0001,-3.1000000000003247,-31.000000000003247,1.0,-31.000000000003247,7.0,-38.00000000000325,USD
95,AUD/USD,RSI_Reversal,SELL,SHORT,0.64648,0.63862,2024-05-15 00:00:00,2024-05-15 12:28:48,100000,786.0,78.6,0.52,7.0,False,786.0,78.6,0.00786000000000009,0.0001,78.60000000000089,786.0000000000089,1.0,786.0000000000089,7.0,779.0000000000089,USD
96,GBP/USD,RL_PPO,STRONG_BUY,LONG,1.26685,1.26512,2024-05-16 00:00:00,2024-05-17 06:00:00,100000,-173.0,-17.3,1.25,7.0,False,-173.0,-17.3,-0.0017300000000000093,0.0001,-17.300000000000093,-173.00000000000094,1.0,-173.00000000000094,7.0,-180.00000000000094,USD
97,USD/JPY,RSI_Reversal,STRONG_BUY,LONG,153.98817,153.9831,2024-04-09 00:00:00,2024-04-12 00:43:12,100000,-5070.0,-50.7,3.03,7.0,False,-5070.0,-50.7,-0.00506999999998925,0.01,-0.506999999998925,-506.999999998925,153.9831,-3.292569119591208,7.0,-10.292569119591208,USD
98,EUR/USD,RSI_Reversal,STRONG_SELL,SHORT,1.11286,1.11212,2024-07-21 00:00:00,2024-07-23 23:02:23,100000,74.0,7.4,2.96,7.0,False,74.0,7.4,0.0007399999999999629,0.0001,7.399999999999629,73.99999999999629,1.0,73.99999999999629,7.0,66.99999999999629,USD
99,GBP/USD,RL_PPO,BUY,LONG,1.29973,1.30296,2024-03-25 00:00:00,2024-03-29 17:02:24,100000,323.0,32.3,4.71,7.0,False,323.0,32.3,0.003229999999999844,0.0001,32.29999999999844,322.9999999999844,1.0,322.9999999999844,7.0,315.9999999999844,USD
100,USD/INR,ML_XGB,BUY,LONG,82.78943,82.79188,2024-01-15 00:00:00,2024-01-18 20:38:24,100000,2450.0,24.5,3.86,7.0,False,2450.0,24.5,0.0024500000000102773,0.0001,24.500000000102773,245.00000000102773,82.79188,2.959227402506474,7.0,-4.040772597493525,USD
101,EUR/USD,Composite,SELL,SHORT,1.09397,1.09316,2024-03-17 00:00:00,2024-03-18 21:50:24,100000,81.0,8.1,1.91,7.0,False,81.0,8.1,0.0008100000000001994,0.0001,8.100000000001994,81.00000000001995,1.0,81.00000000001995,7.0,74.00000000001995,USD
102,EUR/USD,RL_PPO,BUY,LONG,1.05843,1.06012,2024-05-26 00:00:00,2024-05-30 20:23:59,100000,169.0,16.9,4.85,7.0,False,169.0,16.9,0.0016899999999999693,0.0001,16.899999999999693,168.99999999999693,1.0,168.99999999999693,7.0,161.99999999999693,USD
103,USD/JPY,MA_Cross,SELL,SHORT,147.00092,147.00072,2024-01-27 00:00:00,2024-01-27 15:50:24,100000,200.0,2.0,0.66,7.0,False,200.0,2.0,0.0002000000000066393,0.01,0.02000000000066393,20.00000000066393,147.00072,0.13605375538748335,7.0,-6.863946244612516,USD
104,AUD/USD,ML_RF,BUY,LONG,0.64691,0.64494,2024-08-08 00:00:00,2024-08-10 03:07:12,100000,-197.0,-19.7,2.13,7.0,False,-197.0,-19.7,-0.0019700000000000273,0.0001,-19.700000000000273,-197.00000000000273,1.0,-197.00000000000273,7.0,-204.00000000000273,USD
105,USD/JPY,MACD_Trend,STRONG_BUY,LONG,149.24642,149.23983,2024-04-23 00:00:00,2024-04-25 03:07:12,100000,-6590.0,-65.9,2.13,7.0,False,-6590.0,-65.9,-0.0065899999999885495,0.01,-0.658999999998855,-658.999999998855,149.23983,-4.415711274924763,7.0,-11.415711274924764,USD
106,EUR/USD,RSI_Reversal,BUY,LONG,1.0606,1.05799,2024-04-29 00:00:00,2024-05-02 01:11:59,100000,-261.0,-26.1,3.05,7.0,False,-261.0,-26.1,-0.002610000000000001,0.0001,-26.100000000000012,-261.0000000000001,1.0,-261.0000000000001,7.0,-268.0000000000001,USD
107,USD/INR,RSI_Reversal,SELL,SHORT,84.17042,84.17274,2024-06-17 00:00:00,2024-06-17 06:57:35,100000,-2320.0,-23.2,0.29,7.0,False,-2320.0,-23.2,-0.002320000000011646,0.0001,-23.20000000011646,-232.0000000011646,84.17274,-2.7562367579000586,7.0,-9.756236757900059,USD
108,AUD/USD,MACD_Trend,SELL,SHORT,0.64351,0.64482,2024-05-18 00:00:00,2024-05-21 00:28:48,100000,-131.0,-13.1,3.02,7.0,False,-131.0,-13.1,-0.0013099999999999223,0.0001,-13.099999999999223,-130.99999999999224,1.0,-130.99999999999224,7.0,-137.99999999999224,USD
109,EUR/USD,ML_RF,STRONG_BUY,LONG,1.05815,1.05578,2024-05-12 00:00:00,2024-05-15 10:04:48,100000,-237.0,-23.7,3.42,7.0,False,-237.0,-23.7,-0.0023699999999999832,0.0001,-23.699999999999832,-236.99999999999832,1.0,-236.99999999999832,7.0,-243.99999999999832,USD
110,EUR/USD,RSI_Reversal,STRONG_SELL,SHORT,1.07074,1.07362,2024-02-05 00:00:00,2024-02-05 20:09:36,100000,-288.0,-28.8,0.84,7.0,False,-288.0,-28.8,-0.0028799999999999937,0.0001,-28.799999999999937,-287.9999999999994,1.0,-287.9999999999994,7.0,-294.9999999999994,USD
111,GBP/USD,RL_PPO,STRONG_SELL,SHORT,1.26915,1.27492,2024-04-27 00:00:00,2024-04-29 13:26:24,100000,-577.0,-57.7,2.56,7.0,False,-577.0,-57.7,-0.005770000000000053,0.0001,-57.70000000000053,-577.0000000000052,1.0,-577.0000000000052,7.0,-584.0000000000052,USD
112,GBP/USD,RSI_Reversal,STRONG_SELL,SHORT,1.29326,1.29228,2024-03-30 00:00:00,2024-03-31 14:24:00,100000,98.0,9.8,1.6,7.0,False,98.0,9.8,0.0009799999999999809,0.0001,9.799999999999809,97.9999999999981,1.0,97.9999999999981,7.0,90.9999999999981,USD
113,USD/INR,MA_Cross,STRONG_BUY,LONG,84.18783,84.18934,2024-05-25 00:00:00,2024-05-29 16:33:36,100000,1510.0,15.1,4.69,7.0,False,1510.0,15.1,0.0015099999999961256,0.0001,15.099999999961256,150.99999999961256,84.18934,1.7935762413580216,7.0,-5.206423758641979,USD
114,EUR/USD,RSI_Reversal,BUY,LONG,1.06044,1.05304,2024-07-15 00:00:00,2024-07-18 03:07:12,100000,-740.0,-74.0,3.13,7.0,False,-740.0,-74.0,-0.007400000000000073,0.0001,-74.00000000000072,-740.0000000000073,1.0,-740.0000000000073,7.0,-747.0000000000073,USD
115,EUR/USD,ML_XGB,BUY,LONG,1.0509,1.05218,2024-03-28 00:00:00,2024-03-31 02:09:36,100000,128.0,12.8,3.09,7.0,False,128.0,12.8,0.0012799999999999478,0.0001,12.799999999999478,127.99999999999478,1.0,127.99999999999478,7.0,120.99999999999478,USD
116,USD/INR,Composite,SELL,SHORT,82.31774,82.32196,2024-02-17 00:00:00,2024-02-19 08:24:00,100000,-4220.0,-42.2,2.35,7.0,False,-4220.0,-42.2,-0.004220000000003665,0.0001,-42.20000000003665,-422.0000000003665,82.32196,-5.126214196070727,7.0,-12.126214196070727,USD
117,USD/INR,RSI_Reversal,BUY,LONG,84.08843,84.08784,2024-02-19 00:00:00,2024-02-20 09:35:59,100000,-590.0,-5.9,1.4,7.0,False,-590.0,-5.9,-0.0005900000000025329,0.0001,-5.900000000025329,-59.000000000253294,84.08784,-0.7016472298521795,7.0,-7.701647229852179,USD
118,USD/JPY,ML_RF,STRONG_SELL,SHORT,148.32031,148.3242,2024-07-25 00:00:00,2024-07-28 04:33:36,100000,-3890.0,-38.9,3.19,7.0,False,-3890.0,-38.9,-0.003889999999984184,0.01,-0.3889999999984184,-388.9999999984184,148.3242,-2.6226333935960446,7.0,-9.622633393596045,USD
119,EUR/USD,RL_PPO,BUY,LONG,1.05102,1.05291,2024-02-11 00:00:00,2024-02-13 03:07:12,100000,189.0,18.9,2.13,7.0,False,189.0,18.9,0.0018899999999999473,0.0001,18.899999999999473,188.9999999999947,1.0,188.9999999999947,7.0,181.9999999999947,USD
120,GBP/USD,RL_PPO,BUY,LONG,1.26573,1.26477,2024-02-16 00:00:00,2024-02-16 09:21:36,100000,-96.0,-9.6,0.39,7.0,False,-96.0,-9.6,-0.0009600000000000719,0.0001,-9.600000000000719,-96.00000000000719,1.0,-96.00000000000719,7.0,-103.00000000000719,USD
121,USD/INR,RSI_Reversal,BUY,LONG,83.3085,83.31079,2024-01-21 00:00:00,2024-01-23 06:14:23,100000,2290.0,22.9,2.26,7.0,False,2290.0,22.9,0.0022900000000021237,0.0001,22.900000000021237,229.00000000021237,83.31079,2.7487435901185475,7.0,-4.251256409881453,USD
122,GBP/USD,MACD_Trend,SELL,SHORT,1.23618,1.2394,2024-04-06 00:00:00,2024-04-06 08:23:59,100000,-322.0,-32.2,0.35,7.0,False,-322.0,-32.2,-0.0032200000000000006,0.0001,-32.2,-322.00000000000006,1.0,-322.00000000000006,7.0,-329.00000000000006,USD
123,USD/INR,ML_RF,STRONG_BUY,LONG,84.20891,84.20662,2024-04-28 00:00:00,2024-04-28 03:21:36,100000,-2290.0,-22.9,0.14,7.0,False,-2290.0,-22.9,-0.0022900000000021237,0.0001,-22.900000000021237,-229.00000000021237,84.20662,-2.7195011508621576,7.0,-9.719501150862158,USD
124,GBP/USD,ML_RF,STRONG_SELL,SHORT,1.26591,1.26758,2024-05-21 00:00:00,2024-05-25 09:36:00,100000,-167.0,-16.7,4.4,7.0,False,-167.0,-16.7,-0.0016699999999998383,0.0001,-16.699999999998383,-166.99999999998383,1.0,-166.99999999998383,7.0,-173.99999999998383,USD
125,AUD/USD,ML_XGB,BUY,LONG,0.64681,0.63906,2024-03-23 00:00:00,2024-03-25 23:45:36,100000,-775.0,-77.5,2.99,7.0,False,-775.0,-77.5,-0.007750000000000035,0.0001,-77.50000000000034,-775.0000000000034,1.0,-775.0000000000034,7.0,-782.0000000000034,USD
126,EUR/USD,MA_Cross,SELL,SHORT,1.06189,1.05764,2024-02-01 00:00:00,2024-02-01 16:47:59,100000,425.0,42.5,0.7,7.0,False,425.0,42.5,0.004250000000000087,0.0001,42.50000000000087,425.0000000000087,1.0,425.0000000000087,7.0,418.0000000000087,USD
127,EUR/USD,Composite,BUY,LONG,1.05414,1.05766,2024-01-12 00:00:00,2024-01-16 15:36:00,100000,352.0,35.2,4.65,7.0,False,352.0,35.2,0.0035199999999999676,0.0001,35.199999999999676,351.99999999999676,1.0,351.99999999999676,7.0,344.99999999999676,USD
128,GBP/USD,ML_XGB,STRONG_SELL,SHORT,1.22614,1.22317,2024-01-02 00:00:00,2024-01-05 09:21:36,100000,297.0,29.7,3.39,7.0,False,297.0,29.7,0.002969999999999917,0.0001,29.69999999999917,296.9999999999917,1.0,296.9999999999917,7.0,289.9999999999917,USD
129,GBP/USD,MACD_Trend,STRONG_SELL,SHORT,1.25917,1.26005,2024-03-24 00:00:00,2024-03-24 23:16:48,100000,-88.0,-8.8,0.97,7.0,False,-88.0,-8.8,-0.0008799999999999919,0.0001,-8.799999999999919,-87.99999999999919,1.0,-87.99999999999919,7.0,-94.99999999999919,USD
130,USD/JPY,MACD_Trend,SELL,SHORT,148.9904,148.99039,2024-07-01 00:00:00,2024-07-02 15:35:59,100000,10.0,0.1,1.65,7.0,False,10.0,0.1,1.0000000003174137e-05,0.01,0.0010000000003174137,1.0000000003174137,148.99039,0.006711842289408154,7.0,-6.993288157710592,USD
131,USD/INR,ML_RF,BUY,LONG,82.24241,82.2441,2024-06-18 00:00:00,2024-06-20 18:43:12,100000,1690.0,16.9,2.78,7.0,False,1690.0,16.9,0.0016899999999964166,0.0001,16.899999999964166,168.99999999964166,82.2441,2.0548586463909464,7.0,-4.945141353609054,USD
132,USD/JPY,RL_PPO,STRONG_BUY,LONG,151.72449,151.72308,2024-04-19 00:00:00,2024-04-22 04:19:12,100000,-1410.0,-14.1,3.18,7.0,False,-1410.0,-14.1,-0.001409999999992806,0.01,-0.1409999999992806,-140.9999999992806,151.72308,-0.9293246617408544,7.0,-7.929324661740854,USD
133,GBP/USD,MACD_Trend,STRONG_BUY,LONG,1.24599,1.24653,2024-07-01 00:00:00,2024-07-03 12:00:00,100000,54.0,5.4,2.5,7.0,False,54.0,5.4,0.0005399999999999849,0.0001,5.399999999999849,53.999999999998494,1.0,53.999999999998494,7.0,46.999999999998494,USD
134,EUR/USD,MACD_Trend,STRONG_BUY,LONG,1.11848,1.11882,2024-02-15 00:00:00,2024-02-19 00:28:47,100000,34.0,3.4,4.02,7.0,False,34.0,3.4,0.00034000000000000696,0.0001,3.4000000000000696,34.000000000000696,1.0,34.000000000000696,7.0,27.000000000000696,USD
135,USD/JPY,Composite,STRONG_BUY,LONG,144.08976,144.08765,2024-05-10 00:00:00,2024-05-10 10:19:12,100000,-2110.0,-21.1,0.43,7.0,False,-2110.0,-21.1,-0.0021100000000160435,0.01,-0.21100000000160435,-211.00000000160435,144.08765,-1.4643864342405775,7.0,-8.464386434240577,USD
136,EUR/USD,ML_RF,SELL,SHORT,1.11231,1.10792,2024-06-12 00:00:00,2024-06-14 08:24:00,100000,439.0,43.9,2.35,7.0,False,439.0,43.9,0.004389999999999894,0.0001,43.89999999999894,438.9999999999894,1.0,438.9999999999894,7.0,431.9999999999894,USD
137,USD/INR,ML_XGB,STRONG_BUY,LONG,83.42138,83.42208,2024-07-11 00:00:00,2024-07-15 23:16:48,100000,700.0,7.0,4.97,7.0,False,700.0,7.0,0.0006999999999948159,0.0001,6.999999999948159,69.99999999948159,83.42208,0.8391063852577351,7.0,-6.160893614742265,USD
138,AUD/USD,RL_PPO,STRONG_BUY,LONG,0.67431,0.67286,2024-04-18 00:00:00,2024-04-18 17:31:12,100000,-145.0,-14.5,0.73,7.0,False,-145.0,-14.5,-0.0014499999999999513,0.0001,-14.499999999999513,-144.99999999999514,1.0,-144.99999999999514,7.0,-151.99999999999514,USD
139,EUR/USD,MA_Cross,SELL,SHORT,1.07488,1.07527,2024-04-14 00:00:00,2024-04-15 20:24:00,100000,-39.0,-3.9,1.85,7.0,False,-39.0,-3.9,-0.00038999999999989043,0.0001,-3.8999999999989043,-38.99999999998904,1.0,-38.99999999998904,7.0,-45.99999999998904,USD
140,GBP/USD,RSI_Reversal,STRONG_BUY,LONG,1.2395,1.2459,2024-06-12 00:00:00,2024-06-13 01:40:48,100000,640.0,64.0,1.07,7.0,False,640.0,64.0,0.006399999999999961,0.0001,63.99999999999961,639.9999999999961,1.0,639.9999999999961,7.0,632.9999999999961,USD
141,GBP/USD,ML_RF,STRONG_SELL,SHORT,1.23681,1.233,2024-05-20 00:00:00,2024-05-21 09:07:11,100000,381.0,38.1,1.38,7.0,False,381.0,38.1,0.003809999999999869,0.0001,38.09999999999869,380.9999999999869,1.0,380.9999999999869,7.0,373.9999999999869,USD
142,EUR/USD,ML_RF,BUY,LONG,1.07887,1.0772,2024-02-18 00:00:00,2024-02-20 14:38:24,100000,-167.0,-16.7,2.61,7.0,False,-167.0,-16.7,-0.0016700000000000603,0.0001,-16.700000000000603,-167.00000000000603,1.0,-167.00000000000603,7.0,-174.00000000000603,USD
143,USD/INR,ML_RF,BUY,LONG,82.33296,82.33157,2024-05-29 00:00:00,2024-05-31 14:52:48,100000,-1390.0,-13.9,2.62,7.0,False,-1390.0,-13.9,-0.0013900000000006685,0.0001,-13.900000000006685,-139.00000000006685,82.33157,-1.688295267539133,7.0,-8.688295267539132,USD
144,EUR/USD,RSI_Reversal,SELL,SHORT,1.07909,1.08359,2024-08-15 00:00:00,2024-08-16 06:57:36,100000,-450.0,-45.0,1.29,7.0,False,-450.0,-45.0,-0.0044999999999999485,0.0001,-44.99999999999948,-449.9999999999948,1.0,-449.9999999999948,7.0,-456.9999999999948,USD
145,USD/INR,MACD_Trend,SELL,SHORT,82.26169,82.26087,2024-01-16 00:00:00,2024-01-16 06:00:00,100000,820.0,8.2,0.25,7.0,False,820.0,8.2,0.0008200000000044838,0.0001,8.200000000044838,82.00000000044838,82.26087,0.996828747379506,7.0,-6.003171252620494,USD
146,EUR/USD,Composite,BUY,LONG,1.05878,1.05588,2024-03-04 00:00:00,2024-03-07 06:00:00,100000,-290.0,-29.0,3.25,7.0,False,-290.0,-29.0,-0.0029000000000001247,0.0001,-29.000000000001247,-290.00000000001245,1.0,-290.00000000001245,7.0,-297.00000000001245,USD
147,EUR/USD,ML_RF,BUY,LONG,1.11032,1.11333,2024-05-29 00:00:00,2024-06-02 01:40:48,100000,301.0,30.1,4.07,7.0,False,301.0,30.1,0.003009999999999957,0.0001,30.09999999999957,300.99999999999574,1.0,300.99999999999574,7.0,293.99999999999574,USD
148,GBP/USD,MA_Cross,STRONG_SELL,SHORT,1.24366,1.24291,2024-03-04 00:00:00,2024-03-05 16:48:00,100000,75.0,7.5,1.7,7.0,False,75.0,7.5,0.0007500000000000284,0.0001,7.500000000000284,75.00000000000284,1.0,75.00000000000284,7.0,68.00000000000284,USD
149,EUR/USD,RSI_Reversal,STRONG_SELL,SHORT,1.06391,1.06616,2024-05-18 00:00:00,2024-05-20 23:31:12,100000,-225.0,-22.5,2.98,7.0,False,-225.0,-22.5,-0.0022500000000000853,0.0001,-22.500000000000853,-225.00000000000853,1.0,-225.00000000000853,7.0,-232.00000000000853,USD
150,USD/JPY,ML_XGB,STRONG_SELL,SHORT,152.47311,152.47611,2024-02-14 00:00:00,2024-02-17 15:21:36,100000,-3000.0,-30.0,3.64,7.0,False,-3000.0,-30.0,-0.0030000000000143245,0.01,-0.30000000000143245,-300.00000000143245,152.47611,-1.9675213382701884,7.0,-8.967521338270188,USD
